{"zero_since": 1783504801.8369758, "last_warned": 1783999290.1172242, "network_alerted": false}