{"zero_since": 1783504801.8369758, "last_warned": 1784388648.2719214, "network_alerted": false}