{"zero_since": 1783504801.8369758, "last_warned": 1784269705.7027578, "network_alerted": false}