{"zero_since": 1783504801.8369758, "last_warned": 1783901966.292776, "network_alerted": false}