{"zero_since": 1783504801.8369758, "last_warned": 1784161533.2833111, "network_alerted": false}