{"zero_since": 1783504801.8369758, "last_warned": 1784844341.2973075, "network_alerted": false}