{"zero_since": 1783504801.8369758, "last_warned": 1784573960.8369787, "network_alerted": false}