{"zero_since": 1783504801.8369758, "last_warned": 1783576925.6753228, "network_alerted": false}