{"zero_since": 1783504801.8369758, "last_warned": 1783782403.4962337, "network_alerted": false}