{"zero_since": 1783504801.8369758, "last_warned": 1783891164.5951984, "network_alerted": false}