{"zero_since": 1783504801.8369758, "last_warned": 1784312953.922539, "network_alerted": false}