{"zero_since": 1783504801.8369758, "last_warned": 1784703716.7723854, "network_alerted": false}