{"zero_since": 1783504801.8369758, "last_warned": 1784682110.9203677, "network_alerted": false}