{"zero_since": 1783504801.8369758, "last_warned": 1783685057.6448245, "network_alerted": false}