{"zero_since": 1783504801.8369758, "last_warned": 1784237246.0593476, "network_alerted": false}