{"zero_since": 1783504801.8369758, "last_warned": 1784714530.1596913, "network_alerted": false}