{"zero_since": 1783504801.8369758, "last_warned": 1784118272.108951, "network_alerted": false}