{"zero_since": 1783504801.8369758, "last_warned": 1784367043.9901376, "network_alerted": false}