{"zero_since": 1783504801.8369758, "last_warned": 1784377845.246456, "network_alerted": false}