{"zero_since": 1783504801.8369758, "last_warned": 1784399475.7514024, "network_alerted": false}