{"zero_since": 1783504801.8369758, "last_warned": 1784909225.5359764, "network_alerted": false}