{"zero_since": 1783448549.3879225, "last_warned": 1783477382.5441484, "network_alerted": false}