{"zero_since": 1783504801.8369758, "last_warned": 1783555283.5690289, "network_alerted": false}