{"zero_since": 1783504801.8369758, "last_warned": 1784421110.6006405, "network_alerted": false}