{"zero_since": 1783504801.8369758, "last_warned": 1784064182.421961, "network_alerted": false}