{"zero_since": 1783504801.8369758, "last_warned": 1783837071.4948926, "network_alerted": false}