{"zero_since": 1783504801.8369758, "last_warned": 1784757812.370903, "network_alerted": false}