{"zero_since": 1783504801.8369758, "last_warned": 1783793206.847943, "network_alerted": false}