{"zero_since": 1783504801.8369758, "last_warned": 1783695875.48641, "network_alerted": false}