{"zero_since": 1783504801.8369758, "last_warned": 1784107445.438473, "network_alerted": false}