{"zero_since": 1783504801.8369758, "last_warned": 1784096619.2509687, "network_alerted": false}