{"zero_since": 1783504801.8369758, "last_warned": 1784031722.2001126, "network_alerted": false}