{"zero_since": 1783504801.8369758, "last_warned": 1784725346.6145031, "network_alerted": false}