{"zero_since": 1783504801.8369758, "last_warned": 1783598561.264027, "network_alerted": false}