{"zero_since": 1783504801.8369758, "last_warned": 1783988488.420415, "network_alerted": false}