{"zero_since": 1783504801.8369758, "last_warned": 1783771574.780025, "network_alerted": false}