{"zero_since": 1783448549.3879225, "last_warned": 1783488211.775467, "network_alerted": false}