{"zero_since": 1783504801.8369758, "last_warned": 1783977687.1606443, "network_alerted": false}