{"zero_since": 1783504801.8369758, "last_warned": 1784692913.8778288, "network_alerted": false}