{"zero_since": 1783504801.8369758, "last_warned": 1784671298.0101724, "network_alerted": false}