{"zero_since": 1783504801.8369758, "last_warned": 1784248074.8082638, "network_alerted": false}