{"zero_since": 1783504801.8369758, "last_warned": 1783674244.10121, "network_alerted": false}