{"zero_since": 1783504801.8369758, "last_warned": 1783880364.3855772, "network_alerted": false}