{"zero_since": 1783504801.8369758, "last_warned": 1784085811.303177, "network_alerted": false}