{"zero_since": 1783504801.8369758, "last_warned": 1783815442.2985287, "network_alerted": false}