{"zero_since": 1783504801.8369758, "last_warned": 1784638843.8825316, "network_alerted": false}