{"zero_since": 1783504801.8369758, "last_warned": 1784876779.3368118, "network_alerted": false}