{"zero_since": 1783504801.8369758, "last_warned": 1784464370.6593645, "network_alerted": false}