{"zero_since": 1783504801.8369758, "last_warned": 1783566097.844574, "network_alerted": false}