{"zero_since": 1783504801.8369758, "last_warned": 1783923604.7838829, "network_alerted": false}