{"zero_since": 1783504801.8369758, "last_warned": 1784606388.9142864, "network_alerted": false}