{"zero_since": 1783504801.8369758, "last_warned": 1783869535.6880438, "network_alerted": false}