{"zero_since": 1783504801.8369758, "last_warned": 1783717492.969272, "network_alerted": false}