{"zero_since": 1783504801.8369758, "last_warned": 1784898418.8880758, "network_alerted": false}