{"zero_since": 1783504801.8369758, "last_warned": 1784920644.0661979, "network_alerted": false}