{"zero_since": 1783504801.8369758, "last_warned": 1784453560.2287576, "network_alerted": false}