{"zero_since": 1783504801.8369758, "last_warned": 1784475195.573002, "network_alerted": false}