{"zero_since": 1783504801.8369758, "last_warned": 1784139906.6534717, "network_alerted": false}