{"zero_since": 1783504801.8369758, "last_warned": 1783587739.6693783, "network_alerted": false}