{"zero_since": 1783504801.8369758, "last_warned": 1783858704.8960338, "network_alerted": false}