{"zero_since": 1783504801.8369758, "last_warned": 1784496826.2256162, "network_alerted": false}