{"zero_since": 1783504801.8369758, "last_warned": 1784302152.4522262, "network_alerted": false}