{"zero_since": 1783504801.8369758, "last_warned": 1784042552.4658527, "network_alerted": false}