{"zero_since": 1783504801.8369758, "last_warned": 1784150707.6437547, "network_alerted": false}