{"zero_since": 1783504801.8369758, "last_warned": 1784442735.0614436, "network_alerted": false}