{"zero_since": 1783504801.8369758, "last_warned": 1784595580.2687945, "network_alerted": false}