{"zero_since": 1783504801.8369758, "last_warned": 1783663438.7078416, "network_alerted": false}