{"zero_since": 1783448549.3879225, "last_warned": 1783466557.3065913, "network_alerted": false}