{"zero_since": 1783448549.3879225, "last_warned": 1783499020.3451645, "network_alerted": true}