{"zero_since": 1783504801.8369758, "last_warned": 1784822712.824769, "network_alerted": false}