{"zero_since": 1783504801.8369758, "last_warned": 1783847890.449602, "network_alerted": false}