{"zero_since": 1783504801.8369758, "last_warned": 1784053355.0158477, "network_alerted": false}