{"zero_since": 1783504801.8369758, "last_warned": 1784529236.0266936, "network_alerted": false}