{"zero_since": 1783504801.8369758, "last_warned": 1784518431.6426582, "network_alerted": false}