{"zero_since": 1783504801.8369758, "last_warned": 1783760750.1390824, "network_alerted": false}