{"zero_since": 1783504801.8369758, "last_warned": 1783749932.4585054, "network_alerted": false}