{"zero_since": 1783504801.8369758, "last_warned": 1783544482.2509274, "network_alerted": false}