{"zero_since": 1783504801.8369758, "last_warned": 1783945226.9842958, "network_alerted": false}