{"zero_since": 1783504801.8369758, "last_warned": 1784865963.9355018, "network_alerted": false}