{"zero_since": 1783504801.8369758, "last_warned": 1784790278.836291, "network_alerted": false}