{"zero_since": 1783504801.8369758, "last_warned": 1784204797.598331, "network_alerted": false}