{"zero_since": 1783504801.8369758, "last_warned": 1783652619.6516926, "network_alerted": false}