{"zero_since": 1783504801.8369758, "last_warned": 1784887591.4501207, "network_alerted": false}