{"zero_since": 1783504801.8369758, "last_warned": 1784540041.0875378, "network_alerted": false}