{"zero_since": 1783504801.8369758, "last_warned": 1783934420.429899, "network_alerted": false}