{"zero_since": 1783504801.8369758, "last_warned": 1784075009.5208576, "network_alerted": false}