{"zero_since": 1783504801.8369758, "last_warned": 1784552306.2209375, "network_alerted": false}