{"zero_since": 1783504801.8369758, "last_warned": 1783739112.8827887, "network_alerted": false}