{"zero_since": 1783504801.8369758, "last_warned": 1784020909.959265, "network_alerted": false}