{"zero_since": 1783504801.8369758, "last_warned": 1784323784.5559628, "network_alerted": false}