{"zero_since": 1783504801.8369758, "last_warned": 1784129076.1922967, "network_alerted": false}