{"zero_since": 1783504801.8369758, "last_warned": 1784010104.4796498, "network_alerted": false}