{"zero_since": 1783504801.8369758, "last_warned": 1783641812.0083048, "network_alerted": false}