{"zero_since": 1783504801.8369758, "last_warned": 1783522845.3866503, "network_alerted": false}