{"zero_since": 1783504801.8369758, "last_warned": 1784617219.453788, "network_alerted": false}