{"zero_since": 1783504801.8369758, "last_warned": 1784507629.6901264, "network_alerted": false}