{"zero_since": 1783504801.8369758, "last_warned": 1783706676.2485433, "network_alerted": false}