{"zero_since": 1783504801.8369758, "last_warned": 1784334608.5428433, "network_alerted": false}