{"zero_since": 1783504801.8369758, "last_warned": 1783512017.0412254, "network_alerted": false}