{"zero_since": 1783504801.8369758, "last_warned": 1783956028.0032582, "network_alerted": false}