{"zero_since": 1783504801.8369758, "last_warned": 1784584765.9734564, "network_alerted": false}