{"zero_since": 1783504801.8369758, "last_warned": 1783728312.8446229, "network_alerted": false}