{"zero_since": 1783504801.8369758, "last_warned": 1784779452.4461532, "network_alerted": false}