{"zero_since": 1783504801.8369758, "last_warned": 1784486003.9007597, "network_alerted": false}