{"zero_since": 1783504801.8369758, "last_warned": 1784258901.3114731, "network_alerted": false}