{"zero_since": 1783504801.8369758, "last_warned": 1784628035.2526276, "network_alerted": false}