{"zero_since": 1783504801.8369758, "last_warned": 1783826245.9139953, "network_alerted": false}