{"zero_since": 1783504801.8369758, "last_warned": 1783533660.7335525, "network_alerted": false}