{"zero_since": 1783504801.8369758, "last_warned": 1784746986.9807298, "network_alerted": false}