{"zero_since": 1783504801.8369758, "last_warned": 1784280511.0038075, "network_alerted": false}