{"zero_since": 1783504801.8369758, "last_warned": 1784649666.2619052, "network_alerted": false}