{"zero_since": 1783448549.3879225, "last_warned": 1783455754.437918, "network_alerted": false}