{"zero_since": 1783504801.8369758, "last_warned": 1784345409.9362404, "network_alerted": false}